FRAVEGA,list_price,discount_price
Smart TV 43" Full HD Noblex EA43X5100,15.999,14.999
Smart TV 4K 50" Samsung UN50MU6100,34.999,25.999
Smart TV 43" Full HD Philips 43PFG5813/77,19.999,13.999
Smart TV 4K 50" Philips PUG6102-77,29.999,20.999
Smart TV 32" HD RCA L32NXTSMART,11.999,8.499
Smart TV 43" Full HD Sanyo LCE43SF8200,17.999,12.999
Smart TV 4K 50" LG 50UK6550PSB,32.999,25.999
Smart TV Led 50" Full HD Noblex EA50X6100,23.999,18.999
Smart TV Full HD 49" Samsung UN49K5500,24.999,19.999
Smart TV 4K 55" Samsung UN55MU6100,49.999,38.999
Smart TV 4K 55" Philips PUG6212/77,34.999,29.999
TV Led 32" HD Philips PHG5101-77,8.999,7.999
Smart TV 32" HD Ken Brown KB32S2000SAS,10.999,7.999
Smart TV 55" Full HD Samsung UN55K5500,34.999,27.999
Smart TV 32" HD Samsung J4300,14.999,11.999
TV Led 24" HD Noblex EE24X4000,7.999,None
Smart TV 32" HD Philips 32PHG5813/77,13.999,9.999
Smart TV 4K 43" Samsung UN43MU6100GCFV,27.999,18.999
TV Led 49" Full HD Philips PFG5101/77,18.999,14.999
Led 42" Full HD Philips PFG5011-77,13.999,11.999
Smart TV 32" HD TCL L32S6,11.999,8.999
Smart TV 43" Full HD Telefunken TKLE4318R,18.999,12.999
Smart TV 4K 55" Philips 55OLED873/77,59.999,42.999
Smart TV 43" Full HD Samsung UN43J5290FV,19.999,16.999
Smart TV 4K 65" Samsung UN65MU6100,69.999,54.999
Smart TV 32" HD RCA L32NXSMART,10.999,9.999
Smart TV 32" HD Hitachi CDH-LE32SMART14,10.999,9.999
Smart TV 4K 43" LG 43UK6300PSB,25.999,21.999
Smart TV Led 49" Full HD LG LJ5500,25.999,22.999
Smart TV 49" Full HD Philips 49PFG5102/77,24.999,17.999
Netflix TV 4K 55" Toshiba U4700,32.999,25.999
Netflix TV 4K 49" Toshiba U4700,24.999,19.999
Netflix TV 43" Full HD Toshiba L4700,15.999,14.999
Smart TV 43" Full HD Admiral AD43E2,16.999,14.999
Smart TV LED 4K 50" Skyworth SW50S2,24.999,19.999
Smart TV 32" HD Admiral AD32E2,9.999,9.499
Smart TV 4K 49" Sony KD49X755F,53.999,36.999
Smart TV 4K 55" Sony XBR55X805E,68.749,44.999
Smart TV 49" 4K Sony Ultra HD KD-49X725F,38.57,26.999
Smart TV Full HD 43" LG 43LK5700PSC,20.999,18.999
Smart TV 49" Full HD Hitachi CDH-LE49SMART14,24.999,16.999
Smart TV 4K 75" Samsung UN75MU6100,129.999,99.999
Smart TV 4K 65" Sony KD65X755F,81.249,57.999
Smart TV 55" 4K Sony Ultra HD KD-55X725F,53.999,39.999
Smart TV 4K 65" TCL L65P6,49.999,39.999
Smart TV 4K 65" Sony XBR65X856F,99.999,69.999
TV LED 32" HD Hitachi CDH-LE32FD21,9.999,7.999
Smart TV 4K 50" Samsung UN50MU6100,34.999,25.999
Smart TV 4K 75" Sony XBR75X855F,187.499,139.999
Smart TV 4K UHD LG 55" OLED55B7P,74.999,None
Smart TV Led 43" Full HD JVC LT43DA770,17.999,13.999
Netflix TV 32" HD Toshiba L4700,9.999,9.399
Smart TV Led 43" Full HD Hisense HLE4317RTF,15.999,14.999
Smart TV 4K UHD Hyundai HYLED-43UHD,18.999,15.999
Smart TV Led 49" Full HD Hisense HLE4917RTF,19.999,17.999
Heladera Cíclica Patrick HPK135B01 277Lt,22.999,18.999
Heladera No Frost Whirlpool WRM42D2 380Lt,42.199,29.999
Heladera Cíclica Sigma HF24BFS0 239Lt,19.999,16.999
Heladera No Frost Electrolux DF3500P 302Lt,36.099,29.999
Heladera No Frost Whirlpool WRE57K1 480Lt,60.999,46.999
Heladera No Frost Inverter Samsung RT38K5932WW 396Lt,47.999,40.799
Heladera Cíclica Philco PHCT340B/01 340Lt,25.999,22.999
Heladera No Frost Inverter Samsung RT35K5532SL 377Lt,44.999,38.999
Heladera No Frost Electrolux DF3000B 270Lt,36.299,23.999
Freezer Gafa Eternity L290 Full 285Lt,24.999,19.999
Heladera No Frost Inverter Samsung RT32K5930 330Lt,40.499,35.999
Heladera Cíclica Philco PHCT360B/01 360Lt,30.599,24.799
Heladera Cíclica Neba A280 280Lt,19.999,17.999
Heladera No Frost Electrolux Dw42x 380 Litros Inox,49.999,None
Heladera Cíclica Gafa HGF357AFB Blanca 286Lts,25.299,18.999
Heladera No Frost Inverter Samsung RT38K5932SL 396Lt,49.999,43.999
Heladera Cíclica Koh.I.Noor KDA-43947 Inox 416Lt,30.336,24.999
Heladera Cíclica Gafa HGF-357AW Platinum 281Lt,24.499,19.999
Heladera Cíclica Philco PHCC340X 340Lt,34.999,25.599
Heladera Ciclica Sigma HF33BFS0 328Lt,22.999,18.999
WRX12K1,18.999,15.999
Cava Vondom 8 Botellas T8 Negra,6.999,5.999
Heladera Ciclica Siam HSI-CC370X 370Lt,37.099,29.299
Heladera No Frost Inverter Samsung RT35K5532WW 362Lt,42.999,36.999
Heladera No Frost Electrolux DF3900P 345Lt,39.699,34.999
Heladera Cíclica Philco PHCT290B/01 290Lt,23.099,19.999
Cervecera Beer Cooler Whirlpool WZD12ATDIM 82Lt,24.999,19.799
Heladera Cíclica Philco PHCT340X/01 340Lt,28.499,23.699
Heladera No Frost Siam HSI-RT60 Roja 420Lt,69.999,40.999
Heladera Cíclica Patrick HPK151M00B 394Lt,27.999,22.999
Heladera No Frost GE Appliances HGE455M12L 424Lt,49.999,40.499
Heladera Ciclica Siam HSI-CC370B 370Lt,35.699,27.699
Heladera Cíclica Philco PHCT360X/01 360Lt,32.099,25.999
Heladera No Frost Electrolux DF3900X Inox. 350 Lts,40.199,27.999
Freezer Gafa Eternity M210 Full 202Lt,21.099,16.199
Heladera Ciclica Koh.I.Noor KD-43947 Blanca 416Lt,28.439,24.999
Heladera Ciclica Koh.I.Noor KDB-43947 Negro 416Lt,29.571,26.599
Heladera No Frost Electrolux DF3500B 297Lt,38.099,28.999
Heladera No Frost Whirlpool WRM56K1 462Lt,59.999,49.999
Heladera No Frost Siam HSI-NT30BD 404Lt,46.999,29.999
Cervecera Beer Cooler Whirlpool WZD12AVDIM 82Lt,24.999,19.799
Freezer Philco PHFP200B 198Lt,19.999,15.499
Heladera No Frost Electrolux DF3000P 270Lt,37.799,25.999
Cava de Vinos Electrolux ERW125XAMB para 12 Botellas,11.499,9.799
Heladera con Freezer No Frost 521L Inox Patrick SBSPK521I,92.343,69.999
Heladera No Frost Whirlpool WRM45AK 400Lt,48.299,37.999
Heladera Cíclica Patrick HPK151M11S 394Lt,30.999,26.599
Heladera Cíclica Gafa HGF387AFB Blanca 375Lts,33.499,23.999
Heladera Ciclica KOH.I.NOOR KGA 4094-7 Acero Inoxidable 367Lt,37.299,33.599
Heladera Ciclica KOH-I-NOOR KGS 4094/7 Blanca 367Lt,35.276,29.999
Heladera Ciclica Patrick HPK135M01 277Lt,24.999,21.499
Heladera Cíclica Patrick HPK141M00S 364Lt,26.999,22.999
Heladera Ciclica Koh.I.Noo KGS 4094/7 Blanca 367Lt,35.276,30.999
Cava de Vinos Electrolux ERW085XAMB para 8 Botellas,10.199,8.499
Heladera No Frost Philco PHSB570XA 570LT,82.499,60.999
Heladera Ciclica Koh.I.Noor KGB 4094/7 Negra 367Lt,36.264,32.999
Cava de Vinos Doble Temperatura Electrolux Acd29 29 Botellas,35.499,28.499
Heladera Bajo Mesada Whirlpool WRA12A 120Lt,17.999,14.999
Heladera No Frost Whirlpool WRM54AK 426Lt,51.399,38.999
Freezer Philco PHFP300B 295LT,24.999,17.499
Heladera No Frost Midea RF-T16SAR1 460Lt,42.499,35.299
Heladera Inverter No Frost Electrolux IB53X Inox 454lt,78.999,55.999
Heladera Cíclica Gafa HGF367AFB Blanca 334Lts,29.499,23.999
Heladera No Frost Inverter LG GC-F559BLDZ 441Lt,68.199,None
Heladera Ciclica 277 L Metálica Patrick HPK135M01,26.979,25.499
Heladera No Frost Electrolux Df42 382 Litros Blanca,49.599,31.999
Heladera Cíclica Gafa HGF387AFP Plata 375Lts,34.299,28.199
Heladera No Frost Electrolux DF3900B 345Lt,42.299,29.999
Heladera No Frost Siam HSI-FC320BT 320Lt,42.999,34.899
Heladera No Frost Inverter Samsung RT32K5530WW 321Lt,38.499,33.999
Heladera Cíclica Patrick HPK141M00B 364Lt,24.999,21.999
Cava para Cerveza 100 Litros Electrolux Ercq10t5iqb,39.999,29.999
Freezer Vertical Electrolux EFUP315YAMG 240 Litros Gris,41.399,None
Freezer Vertical Electrolux EFUP315YAMW 240 Litros Blanco,40.399,30.399
Heladera 1 Temperatura Ciclica 290 L Blanca Patrick HPK292B01,21.214,16.999
Heladera No Frost Electrolux Dwa51 441 Litros Blanca,63.499,35.999
Heladera Side by Side No Frost Whirlpool WRO80K2 541Lt,86.499,69.999
Freezer Whirlpool WHB53D1 536Lt,38.799,31.999
Heladera No Frost Whirlpool WRM45AB 400Lt,45.999,36.499
Heladera Cíclica Gafa HGF377AFB Blanca 327Lts,30.899,23.999
HELADERA 2 FRIOS NEBA A318,20.999,17.999
Heladera Ciclica Columbia HTF 2334H 317LT,22.599,19.999
Heladera No Frost Siam HSI-NT30XD 404Lt,39.999,34.999
Heladera No Frost GE Appliances RGS1951BGRX0 542Lt,57.999,49.999
Heladera No Frost Inverter LG GW-F439BLFZ 349Lt,58.699,48.999
Heladera No Frost Bosch KGN49AW22 440Lt,79.999,None
WRA09C1,20.299,16.999
Heladera No Frost Electrolux Tf51 433 Litros,55.699,34.999
Heladera Cíclica Gafa HGF367AFP Plata 334Lts,29.499,26.999
Heladera Ciclica Philco PHCC340B 335L,33.299,26.499
Heladera No Frost Whirlpool WRO80K2 541Lt,86.499,68.999
Heladera No Frost Bosch KAG90AI20 354LT,169.999,None
Heladera No Frost Bosch KGN49AI22 440Lt,81.999,None
Freezer Whirlpool WHA31D1 311Lt,28.699,23.499
Freezer Horizontal 420 L Blanca Patrick FHP420B,30.376,27.299
WRA09R2,20.299,16.999
WRA09B1,20.299,16.999
Heladera No Frost Whirlpool WRM54AB 426Lt,49.299,38.799
Heladera No Frost Electrolux TF51X 433Lts,56.999,None
Heladera Cíclica Gafa HGF357AFP Plata 286Lts,26.999,23.999
Heladera No Frost Whirlpool Top Mount 354 Lts WRM39D2,39.999,37.999
Heladera Ciclica Columbia HTP 2334H 317Lt,23.999,21.499
Heladera Ciclica Columbia HTF 2434H 414LT,24.799,22.799
Heladera No Frost Whirlpool WRM39FBDWA 352Lt Blanca,39.999,29.999
Heladera Side by Side No Frost Patrick SBSPK521I 521Lt,79.999,69.999
Heladera Side by Side Samsung RS25H5223SL 620Lt,154.999,134.999
Freezer Whirlpool WHB42D1 417Lt,35.999,27.999
Heladera Cíclica Sigma SIH340B 340Lt Blanco,22.999,19.999
Heladera Cíclica Philco PHCT290X/01 290Lt,27.099,21.999
Freezer Horizontal 220 L Blanca Patrick FHP220B,22.82,20.499
Freezer Horizontal 300 L Blanca Patrick FHP300B,25.441,20.999
WHA22D1,25.899,20.999
WHA31D1,28.699,22.999
WHB42D1,35.999,28.999
WVU27D1,34.299,27.999
Freezer Vertical Electrolux EFUP195YAMG 150 Litros Gris,28.599,None
WRA09R1,20.299,16.999
WRA09B2,20.299,16.999
Heladera Ciclica 364 L Silver Patrick HPK141M10S,29.803,24.999
Heladera Ciclica 364 L Silver Patrick HPK141M00S,29.017,24.999
Heladera con Freezer No Frost GE 424L Inox HGE455M12L,53.084,None
Heladera No Frost Patrick RRS1540BGRX0 421Lt,47.0,39.999
Heladera No Frost Whirlpool WRM56K1 462 Lt,58.999,47.999
Heladera No Frost Whirlpool WRE57K1 480Lt,59.999,47.999
Heladera No Frost Electrolux TF52 Blanca 464Lts,66.299,None
Heladera No Frost Electrolux TF52X Inox. 497Lts,69.899,None
Heladera No Frost Electrolux DXW51 441Lts,66.599,None
Heladera con Freezer No Frost 319 L Acero Inoxidable GE Appliances RGA1130YGRE0,35.499,30.499
Heladera Cíclica Columbia HTF 2294/G Blanca 276Lt,20.894,19.999
Heladera Samsung RT43 TOP MOUNT,68.499,None
WVU27K1,34.599,27.999
Heladera con freezer no frost 409 L Acero Inoxidable GE Appliances HGE450M00L,43.999,None
Lavarropas Carga Frontal Electrolux 8 Kg 1200 RPM ELAF08W,24.899,19.999
Lavarropas Carga Frontal Philco 6Kg 1000 RPM PHLF060B/03,20.499,14.999
Lavarropas Carga Frontal Drean 8Kg 1200 RPM Next 8.12,23.499,18.999
Lavarropas Carga Frontal Drean 6 Kg 800 RPM Next 6.08,19.999,16.999
Secarropas por Calor Columbia SCP 6000,4.219,3.899
Lavarropas Carga Superior Drean 5Kg 500 RPM Concept 5.05 V1,13.999,12.999
Lavarropas Carga Frontal Drean 6 Kg 600 RPM Next 6.06,18.999,14.999
Lavarropas Carga Frontal Samsung 7kg 1200 RPM WW70M2WEUU,28.499,24.999
Lavarropas Electrolux Carga Superior 6.5Kg 800 RPM Digital Wash,18.299,14.499
Lavarropas Carga Superior Whirlpool 10Kg 720 RPM WWI16BB,33.899,25.999
Lavarropas Carga Frontal Inverter Whirlpool 7Kg 1400 RPM WLCF70BAAR,30.599,20.999
Lavarropas Philco Carga Superior 7 Kg 700 RPM WM-PH08,18.699,15.599
Secarropas por Calor Ariston AQUATISAQC9BF7T1AG 9Kg,27.299,22.699
Lavarropas Carga Frontal Drean 7 Kg 1000 RPM Next 7.10,21.999,18.499
Secarropas Centrifugo Koh-I-Noor C-755/2 5.5Kg,4.959,4.599
Lavarropas Semiautomático Carga Superior Drean 5.5Kg Family 096A,7.999,7.599
Lavarropas Carga Superior Electrolux 6.5 Kg 800 RPM FUZZYWASH,20.399,14.999
Lavarropas Carga Frontal Electrolux ELAF07W 7kg,23.899,18.999
Lavasecarropas Carga Frontal Longvie 8Kg 5Kg 1200 RPM LS18012,29.999,25.999
Lavarropas Carga Superior Drean 6 Kg 1000 RPM GOLD BLUE 10.6 ECO+,25.999,21.999
Lavarropas Carga Frontal Longvie 6.5 Kg 800 RPM L16508,17.999,14.999
Lavasecarropas Carga Frontal Inverter Philco 10Kg 7Kg 1600 RPM PHLS100P,42.999,36.999
Lavarropas Carga Superior Electrolux 8,5kg 700 RPM LI85Y Blanco,22.999,17.999
Lavasecarropas Carga Frontal Inverter Samsung 10 Kg 6 Kg 1400 RPM WD10J6410AX,59.499,45.999
Lavarropas Carga Superior Whirlpool 10Kg 720 RPM WWI16BS,33.999,24.999
Lavarropas Carga Frontal Samsung 7Kg 1200 RPM WW70M2WECU,26.499,None
Lavasecarropas Carga Frontal Inverter Midea 12Kg 8 Kg 1200 RPM WD-LC312SAR1,42.999,39.999
Lavarropas Carga Frontal Longvie 6.5 Kg 1000 RPM L16510,18.999,16.999
Lavarropas Carga Superior Drean 6 Kg 800 RPM GOLD BLUE 8.6 ECO+,24.999,22.999
Lavarropas Carga Superior Drean 5 Kg 500 RPM FUZZY LOGIC,14.499,12.999
Lavarropas Whirlpool Carga Superior 9 Kg 720 RPM WWI13BB,31.899,24.999
Lavarropas Carga Frontal Longvie 8 Kg 1200 RPM L18012,20.999,17.999
Lavarropas Carga Superior Electrolux 6.5 Kg 800 RPM Digital Wash,18.599,13.999
Secarropas por Calor Inverter 9 KG Electrolux ESEF09B Blanco,35.599,29.999
Lavarropas Philco Inverter Carga Frontal 10 Kg 1600 RPM PHLF101B/03,30.999,22.999
Lavarropas Carga Frontal Inverter Whirlpool 9Kg 1400 RPM WLCF90SAAR,41.199,27.999
Lavavajilla Candy KCDPA 7512HX 15C Inoxidable,27.999,24.299
Secarropas por Calor Ariston TCF 97C 6H1 AG 9Kg,25.199,20.899
Lavarropas Carga Frontal Inverter Whirlpool 10KG 1400 RPM WLCF10BAAR,44.999,29.999
Lavarropas Carga Superior Candy 8 kg 1000 RPM Vita CVST810T,25.999,22.499
Lavarropas Carga Frontal Aurora 6 Kg 600 RPM 6506,17.999,16.499
Lavasecarropas Carga Frontal Inverter Samsung 9Kg 5Kg 1400RPM WD90M4453MW,41.999,37.999
Lavarropas Carga Frontal Samsung 9 Kg 1400 RPM WW90M4WPEU,32.999,27.999
Lavarropas Carga Frontal Samsung 9Kg 1400 RPM WW90M4WPUU,34.999,29.999
Lavarropas Carga Frontal Samsung 6.5Kg 1000 RPM WW65M0NHCU,23.199,20.399
Lavarropas Carga Frontal Patriot 5Kg 515.1,15.999,13.999
Lavarropas Semiautomático Carga Superior Patriot 5Kg 56RB,4.599,4.299
Lavasecarropas Candy GVSW286 8Kg,35.999,30.999
Lavarropas Semiautomático Carga Superior Patriot 5Kg 54CS,6.399,None
Secarropas Centrifugo Sigma AD610M 6.1Kg,3.799,3.199
Lavarropas Carga Superior Candy 6 Kg 800 RPM Vita CST68D,22.999,19.899
Secarropas Centrifugo Koh-I-Noor A-665/2 6,5 Kg,6.956,6.399
Lavarropas Philco Carga Superior WM-PH08/01 7KG,18.699,15.599
Lavavajilla Candy KCDPA 7512HW 15C Blanco,25.999,21.999
Lavarropas Carga Frontal Inverter Electrolux 10Kg 1400 RPM ELAF10B Blanco,35.599,28.999
Lavarropas Carga Superior Electrolux 10 Kg 750 RPM ELAC210W,26.799,19.999
Lavarropas Carga Superior Electrolux 9 Kg 750 RPM ELAC9S,25.799,19.999
Secarropas por Calor Patrick SCPK07B Blanco 7Kg,20.721,16.599
Secarropas por Calor Patrick SCPK07M Metálico 7Kg,21.94,17.499
Secarropas Centrifugo Koh-I-Noor B-655/2 5,5 Kg,5.537,4.699
Lavarropas Carga Superior Candy 6 Kg 1000 RPM Vita CVST610T,24.499,21.499
Lavarropas Semiautomático Carga Superior Patriot 5 Kg 57RT,4.799,4.399
Secarropas Centrifugo Koh-I-Noor B-665/2 6,5 Kg,6.279,5.459
Secarropas por Calor Electrolux ESES8 8kg Silver,31.899,27.999
Lavavajillas Midea DE-214XAR1 14 C,42.999,33.999
Lavasecarropas Carga Frontal Longvie 8 KG 5 KG 1200 RPM LS18012C,29.999,25.999
Secarropas por Calor Candy GVC D813B-12 8Kg,26.999,23.399
Lavarropas Carga Frontal Longvie 8 Kg 1200 RPM L18012P,25.699,22.499
Lavasecarropas Carga Frontal Inverter Panasonic 10 Kg 7 Kg 1400 RPM NA-S118F2WAR,34.999,32.999
Lavarropas Carga Superior Electrolux 6.5 Kg 800 RPM FUZZYWASH,20.799,15.499
Secarropas por Calor Siam LSI-SC070B 7Kg,18.499,14.499
Lavarropas Carga Superior Samsung 8Kg 700 RPM WA80F5S4UDA,27.999,25.999
Lavarropas Carga Superior Samsung 8Kg 700 RPM WA80F5S4UDW,26.499,24.999
Lavarropas Carga Superior Electrolux 6.5 Kg 800 RPM FUZZYWASH,20.599,15.499
Lavarropas Carga Frontal Longvie 8 Kg 1200 RPM L18012C,22.999,18.999
Lavarropas Carga Superior Electrolux 10Kg 750 RPM ELAC10S,28.099,24.899
Lavasecarropas Longvie LS18012P 8Kg 5Kg,33.459,28.499
Lavavajilla LG D1452LF 14C,49.999,44.999
Lavarropas Carga Superior Electrolux 9 Kg 750 RPM ELAC209W,24.599,20.999
Lavarropas Carga Superior Patrick 9 Kg LPA1020WPCI0 Silver,25.999,19.999
Lavarropas Whirlpool Inverter Carga Frontal 12 KG 1400 RPM,46.899,35.999
Lavarropas Carga Frontal Inverter Samsung 7 Kg 1400 RPM WW70J4463GW Blanco,29.999,None
Lavarropas Carga Superior LG WD100CV Twin Wash,39.999,16.599
Lavarropas Carga Frontal Inverter Whirlpool 8.5Kg 1400 RPM WLCF85BAAR,36.699,24.999
Lavarropas Carga Superior Samsung 7Kg 700 RPM WA70F5S4UDM,24.499,22.999
Lavavajillas Whirlpool WLV14BY 14C,32.999,25.999
Secarropas Centrifugo Koh-I-Noor N-655/2 5,5 Kg,5.797,5.199
Lavarropas Carga Frontal Inverter Samsung 7 Kg 1400 RPM WW70J4463GS Plateado,32.999,28.049
Lavarropas Carga Superior Electrolux 9 Kg 750 RPM ELAC9S,25.799,24.099
Secarropas por Calor Candy GVC D913B-12 9Kg,28.499,24.699
Lavarropas Carga Frontal Patrick 8 Kg 1000 RPM LPK18E10B,18.199,None
Lavarropas Carga Frontal Whirlpool 6 Kg 800 RPM WNQ66A,21.299,None
Lavarropas Carga Superior Philco 5kg 780 RPM WM-PH07/01,14.999,12.599
Secarropas por Calor Candy GCV 581NC-12 8Kg,21.999,18.999
Lavarropas Carga Frontal Samsung 6.5 Kg 1000 RPM WW65M0NHWU Blanco,23.999,20.399
Lavarropas Carga Fontal Whirlpool 7 Kg 1400 RPM WLCF70B,30.599,25.999
WLCF85B,36.699,31.999
Lavarropas Carga Frontal GE Appliances 10 Kg 1600 RPM LVGE10E16M Silver,35.639,33.999
Lavarropas Carga Frontal GE Appliances 8 Kg 1400 RPM LVGE18E14M Silver,30.158,28.599
WLCF10B,44.999,35.999
Lavarropas Carga Frontal Patrick 8Kg 1000 RPM Blanco,23.399,None
WWI13BB,31.299,25.999
WSF10AB,38.599,30.999
Secarropas por Calor Fagor DR-FA700X 7kg,20.999,16.799
Secarropas Electrolux Eseb6 6kg,23.899,19.999
Lavarropas Carga Frontal Samsung 6.5 Kg 1000 RPM WW65M0NHUU Plateado,26.499,22.524
Lavasecarropas Samsung WD18,99.799,None
WCF09BY,44.999,36.999
WSFO3T2X,32.799,None
Aire Acondicionado Split Frío/Calor BGH BSH65WCP 5500F 6500W,49.999,28.999
Aire Acondicionado Split Inverter Frio/Calor Electra Trend 4300F 5200W,44.999,32.999
Aire Acondicionado Split Frío Calor Hisense HIS65WCO 5400F 6300W,39.999,22.999
Aire Acondicionado Inverter Split Frío Calor Hisense HISI35WCO 2900F 3400W,29.999,19.999
Climatizador Midea MCC-01,4.499,3.799
Panel Eléctrico Atma RV1516E 1500W,5.999,4.999
Aire Acondicionado Portátil Frío Surrey 551JPH0901 2250F 2600W,19.999,11.999
Ventilador de Pie Philco VPP2019N,3.399,None
Aire Acondicionado Split Frío/Calor Hisense HIS52WCO1 4300F 5000W,35.499,18.999
Turbo Ventilador Philco VTP2018E 20 Pulgadas,2.299,None
Turbo Ventilador Axel AX-TUR20,1.999,1.799
Aire Acondicionado Split Frío/Calor Hisense HIS35WCO 3000F 3500W,23.499,14.999
Aire Acondicionado Split Inverter Frío Calor BGH BSIH23CP 2200F 2600W,29.499,19.999
Aire Acondicionado Split Frío Calor BGH BSH35WCP 3010F 3500W,24.999,19.999
Turbo Ventilador Axel 20CROMO,2.499,None
Calefactor Tiro Balanceado Volcan 46312V 5700 kcal/h,8.999,7.999
Calefactor Sin Salida Volcan 42512V 2500 kcal/h,5.399,4.299
Turbo Ventilador Liliana VTF18P 18 Pulgadas,2.199,None
Caloventor Liliana CW800 2000W,3.799,None
Calefactor Tiro Balanceado Volcan 43712V 3800 kcal/h,7.799,6.799
Ventilador de Pie Atma VPA1819E,3.599,None
Turbo Ventilador Philco VTP1618E 16 pulgadas,2.499,None
Ventilador de Pie Axel 16",2.499,1.799
Aire Acondicionado Split Frio/Calor Electra Trend TRDO62 5500F 6200W,39.999,28.999
Aire Acondicionado Inverter Split Frío Calor Electra Trend ETRDI26TC 2200F 2600W,27.999,18.999
Calefactor Tiro Balanceado Longvie EBA2S 2000 kcal/h,8.499,7.499
Aire Acondicionado Inverter Split Frío Calor Electra Trend ETRDI35TC 3000F 3500W,23.999,22.999
Aire Acondicionado Split Frío Calor BGH BSH26WCP 2200F 2650W,19.999,15.999
Convector Eléctrico Liliana CNG17 2000W,4.999,3.499
Estufa de Cuarzo Star Trak STQZ120 1600W,1.199,799.0
Ventilador de Pie BGH 20",3.299,None
Calefactor Sin Ventilación Orbis 4040GO 4200 kcal/h,6.699,5.699
Ventilador de pie Axel 26,4.999,4.299
Ventilador de Pie Axel 30,5.249,None
Vitroconvector Eléctrico Peabody PE-VC20R 2000W,5.899,4.899
Caloventor Star Trak STC100 2000W,999.0,None
Aire Acondicionado Portátil Frío/Calor Surrey FC IPQ1211 3000F 3500W,30.499,13.999
Panel de Mica Liliana CFM717 2000W,4.299,None
Ventilador de techo Severbon VTML 420 DC con luz,5.928,4.199
Aire Acondicionado Inverter Split Frío Calor Hisense HISI35WCO 2900F 3400W,29.999,19.999
Aire Acondicionado Inverter Split Frío Calor Hisense HISI53WCO 4400F 5200W,42.999,29.999
Calefactor Sin Ventilación Longvie ECA3 3200 kcal/h,7.999,None
Calefactor Sin Ventilación Orbis 4020GO 2700 kcal/h,5.999,4.999
Caloventor Liliana CFH400 2000W,1.249,None
Caloventor Liliana Torre TF150 1500W,3.799,None
Estufa Halogena Liliana CIGF200 1400W,3.999,2.999
Vitroconvector Eléctrico Peabody PE-VC20B 2000W,5.899,4.899
Vitroconvector Eléctrico Peabody PE-VC20N 2000W,5.899,4.899
Panel de Mica Atma RM2018E 2000W,4.399,None
Aire Acondicionado Split Inverter Frío Calor BGH BSIH55CP 5400F 6350W,54.999,44.999
Calefactor Tiro Balanceado Orbis 4140GO 3800 kcal/h,8.499,7.499
Estufa Infrarroja Liliana CI640 2400W,4.499,3.499
Ventilador de pared Philco VTIS7616E 30 Pulgadas,5.399,None
Calefactor Tiro Balanceado Volcan 42312V 2000 kcal/h,6.999,5.999
Estufa para Exterior Tipo Hongo Daewoo DAZCGB-A,10.999,None
Ventilador Turbo Alhias Vtb-001 12 Pulgadas,1.499,None
Panel Infrarojo CI080 1400W,3.199,2.199
Equipo Ventana SURREY 3027 Frigorias Frio Calor,24.999,23.749
Equipo Ventana SURREY 3010 Frigorias Frio Solo,20.799,None
Calefactor Tiro Balanceado Longvie EBA3S 3000 kcal/h,9.999,8.999
Calefactor Tiro Balanceado Longvie EBA5S 5000 kcal/h,11.999,10.999
Vitroconvector Eléctrico Peabody PE-VC10B 1000W,4.799,3.799
Aire Acondicionado Split Frío Hisense HIS53WFO 4500F 5300W,31.699,19.999
Calefactor Sin Salida Volcan 43512V 4000 kcal/h,5.899,4.899
Ventilador de Pie BGH BFSP18W18 18",2.999,None
Caloventor BGH Fan Heater 360° 1800W,3.299,2.299
Ventilador De Mesa Alhias Vdm-010 16 Pulgadas,1.899,None
Ventilador de techo VTA 420 Blanco con luz,4.932,3.499
Ventilador de techo SeverBon VTA 420 marrón con luz,4.932,3.499
Aire Acondicionado Inverter Split Frío Calor Electra Trend ETRDI64TC 5500F 6400W,49.999,37.999
Split Inverter CARRIER 5500 Frigorias Frio Calor,63.699,47.774
Calefactor Tiro Balanceado Orbis 4120GO 2500 kcal/h,7.499,6.499
Calefactor Tiro Balanceado Orbis 4160GO 5000 kcal/h,9.599,8.499
Aire Acondicionado Split Inverter Frío/Calor Philco Eco Plus PHIN32H17N 2750F 3200W,14.999,None
Calefaccion Sin Ventilacion Volcan 43512V 4000 KCALH,3.229,None
Calefactor Sin Ventilación Longvie ECA2S 2200 kcal/h,5.999,None
Calefactor Tiro Balanceado Orbis 4140GO 3800 kcal/h,7.999,6.999
Vitroconvector Eléctrico Peabody PE-VC10N 1000W,4.799,3.799
Caloventor Liliana PTC620 1500W,2.199,None
Ventilador de techo SeverBon VTA 420 Blanco,4.438,3.199
Ventilador de techo SeverBon VTA 420 platil con luz,6.058,4.299
Ventilador de techo SeverBon VTA 420 Plata Platil,5.518,4.599
Ventilador de techo SeverBon VTML 420 DC,5.518,4.599
Ventilador de techo SeverBon VTA 420 Marrón,4.438,3.199
Split MIDEA 4400 Frigorias Frio Calor,35.599,None
Split Inverter SURREY 3050 Frigorias Frio Calor,40.599,32.479
Split Inverter CARRIER 3050 Frigorias Frio Calor,42.899,32.174
Split MIDEA 2790 Frigorias Frio Calor,24.599,None
Split Inverter SURREY 4450 Frigorias Frio Calor,49.999,37.499
Split MIDEA 5400 Frigorias Frio Solo,40.699,34.599
Split Inverter SURREY 5500 Frigorias Frio Calor,60.999,45.749
Split MIDEA 4520 Frigorias Frio Solo,33.959,28.865
Split MIDEA 5300 Frigorias Frio Calor,43.559,37.025
Split Inverter SURREY 2400 Frigorias Frio Calor,37.999,28.499
Equipo Ventana SURREY 4454 Frigorias Frio Solo,26.399,25.079
Equipo Ventana SURREY 2176 Frigorias Frio Solo,19.599,18.619
Split MIDEA Inverter 5100 Frigorias Frio Calor,57.499,45.999
Split MIDEA Inverter 4420 Frigorias Frio Calor,46.999,37.599
Split Midea 8000 Frigorias Frio Calor,67.999,None
Split MIDEA Inverter 2700 Frigorias Frio Calor,31.999,25.599
Aire Acondicionado Portatil 3000 Frigorias Frio Solo,26.399,None
GARBARINO,list_price,discount_price
Smart TV Noblex 43 " Full HD DI43X5100,16.999,14.999
Smart TV Philco 32 " HD PLD32HS8B,11.999,8.999
Smart TV Noblex 32 " HD DI32X5000,11.999,9.999
Smart TV Philips 32 " HD 32PHG5813/77,13.499,9.999
Smart TV Samsung 50 " 4K Ultra HD UN50MU6100GCDF,39.999,29.999
Smart TV Samsung 43 " 4K Ultra HD UN43MU6100GCDF,27.999,23.999
TV LED HITACHI 32 " HD CDH-LE32FD21,8.999,7.999
Smart TV LG 43 " 4K Ultra HD 43UK6300PSB,26.999,21.999
Smart TV Samsung 32 " HD UN32J4300DGCDF,14.999,13.999
Smart TV Samsung 49 " Full HD UN49K5500AGCDF,29.999,22.999
Smart TV LG 32 " HD 32LK615BPSB,14.999,11.999
Smart TV Samsung 43 " Full HD UN43J5290AGCDF,22.999,16.999
Smart TV HITACHI 49 " Full HD CDH-LE49SMART14,22.999,17.999
Smart TV LG 43 " Full HD 43LK5700PSC,23.999,15.999
Smart TV HISENSE 49 " Full HD HLE4917RTF,22.999,16.999
Smart TV LG 49 " Full HD 49LK5700PSC,28.999,21.999
Smart TV Philips 43 " Full HD 43PFG5813/77,19.999,13.999
Smart TV Philips 50 " 4K Ultra HD 50PUG6102/77,29.999,23.999
Smart TV LG 55 " 4K Ultra HD 55UK6550PSB,44.999,44.999
Smart TV Philips 43 " Ultra HD 43PUG6102/77,24.999,18.999
Smart TV Samsung 55 " 4K Ultra HD UN55MU6300GCDF,49.999,38.999
Smart TV Philips 55 " Ultra HD 55OLED873/77,59.999,49.999
Smart TV Sony 55 " 4K Ultra HD KD-55X725F .,57.141,39.999
Smart TV Sony 49 " 4K Ultra HD KD-49X755F,53.856,40.999
Smart TV Sony 49 " 4K Ultra HD KD-49X725F ,38.57,30.999
Smart TV Sony 65 " 4K Ultra HD XBR-65X856F,99.999,79.999
Smart TV Sony 65 " 4K Ultra HD KD-65X755F.,81.249,64.999
Smart TV Samsung 65 " 4K Ultra HD UN65NU7100GCDF,69.999,59.999
Smart TV LG 75 " 4K Ultra HD 75UJ6580,179.999,106.999
Smart TV Samsung 75 " 4K Ultra HD UN75MU7000,299.999,197.999
Smart TV Samsung 65 " 4K Ultra HD QN65Q8C,239.999,159.999
Smart TV Philips 49 " Full HD 49PFG5102/77,24.999,17.999
Smart TV Sony 55 " 4K Ultra HD XBR-55X805E,68.749,51.999
Smart TV Philips 65 " 4K Ultra HD 65PUG6703/77,64.999,49.999
Smart TV Samsung 75 " 4K Ultra HD QN75Q8C,379.999,299.999
Smart TV Philips 55 " 4K Ultra HD 55PUG8513/77,59.999,47.999
Smart TV Sony 75 " 4K Ultra HD XBR-75X855F,220.999,199.999
Smart TV Hisense 43 " Full HD HLE4317RTF,14.999,14.999
Smart TV Philips 65 " 4K Ultra HD 65PUG8513/77,67.999,67.999
Heladera con Freezer Coventry HF24BGC1 Blanca,19.999,16.999
Heladera No Frost Electrolux DF3500P Plata,39.699,29.999
Heladera con Freezer Coventry HF24PGC1 Plata,20.999,18.499
Heladera No Frost Electrolux DF3000B Blanca,36.299,23.999
Heladera con Freezer GAFA HGF357AFB Blanca,26.599,18.999
Freezer Coventry FH 3300BP Blanco,16.999,16.999
Heladera con Freezer KOHINOOR KGB-4094/7 Negra,36.299,28.999
Heladera con Freezer PATRICK HPK135B01 Blanca,22.499,19.999
Freezer GAFA ETERNITY S120 AB Blanco,20.999,15.999
Heladera con Freezer Coventry 2F1800SD Inoxidable,22.999,22.999
Cava Coventry 8 Bts CKWS08,5.999,3.999
Freezer Coventry FH 4100BP Blanco,18.999,18.999
Freezers Verticales VONDOM FR55 Acero Inoxidable,18.999,15.999
Heladera No Frost Electrolux DF3900B Blanca,42.299,29.999
Cava VONDOM 18 Bts T18 NEGRA,10.999,8.499
Heladera No Frost Panasonic NR-BT42BV1WF Blanca,47.999,37.999
Heladera No Frost Samsung RT32K5530WW Blanca,42.999,33.999
Heladera Sin Freezer Whirlpool WRA09 B1,19.999,15.999
Heladera No Frost Whirlpool WRM39D2 Blanca,34.999,29.999
Heladera No Frost Electrolux DF3000P Plata,37.799,25.999
Heladera SBS PATRICK SBSPK521I Acero Inoxidable Lts,92.344,67.499
Heladera No Frost Whirlpool WRE57K1 Inoxidable,60.999,46.999
Heladera Sin Freezer Whirlpool WRA09R2,20.299,15.999
Heladera No Frost Beko RCNE365E20DZX Acero Inoxidable,49.999,49.999
Freezer GAFA ETERNITY XL410 AB Blanco,29.999,20.999
Heladera con Freezer KOHINOOR KGA-4094/7 Inoxidable,37.299,33.599
Freezer GAFA ETERNITY S120 AP Plata,21.699,14.999
Heladera No Frost Electrolux DF3900P Plata,43.699,31.999
Heladera No Frost Samsung RT35K5532WW Blanca,47.999,36.999
Freezers Verticales VONDOM FR170INOX-16 Plata,36.999,28.999
Freezer VONDOM FR55 Blanco,17.999,13.999
Cava VONDOM 18 Bts ST18 ACERO,12.699,9.999
Heladera No Frost Samsung RT35K5532SL Inox Inverter,49.999,39.999
Heladera Sin Freezer VONDOM HEL170INOX-16,33.999,27.699
Freezers Verticales Whirlpool WVU27X1 Acero Inoxidable,35.599,28.999
Heladera No Frost Panasonic NR-BT48PV1XF Plata,55.999,49.999
Heladera No Frost Panasonic NR-BB53GV3BF Negra,60.999,54.999
Freezer Coventry FH 2600BP Blanco,15.999,15.999
Cava VONDOM 12 Bts T12FLAT,8.999,8.999
Cava VONDOM 12 Bts T12ACERO,11.599,8.299
Heladera con Freezer GAFA HGF387AFB Blanca,33.499,23.999
Freezer GAFA ETERNITY M210AB Blanco,23.199,16.999
Freezer GAFA ETERNITY L290 AP Plata,25.599,18.999
Heladera No Frost Electrolux DF3500 Blanca,38.099,28.999
Heladera con Freezer GAFA HGF377AFB Blanca,30.899,23.999
Heladera No Frost Whirlpool WRM45AK Acero Inoxidable,48.299,37.999
Heladera No Frost Whirlpool WRE80K2 Inoxidable,78.299,62.999
Heladera Sin Freezer VONDOM RFG40A,11.199,8.999
Cava Whirlpool 12 Bts WZC12A,9.999,7.999
Heladera Sin Freezer Whirlpool WRA09 R1,19.999,15.999
Heladera No Frost Samsung RT38K5932WW Blanca,51.999,42.999
Cava Coventry 12 Bts CKWS12,6.999,5.799
Heladera Sin Freezer VONDOM RFG70N,12.499,10.499
Cava Midea 12 Bts WC-TT12SAR1,7.099,5.999
Heladera con Freezer KOHINOOR KGS-4094/7 Blanca,35.299,30.999
Heladera con Freezer KOHINOOR KDB-4394/7 Negra,29.599,26.599
Heladera con Freezer GAFA HGF357AFP Plata,28.399,25.999
Heladera con Freezer Coventry 2F1800S Inoxidable,21.499,21.499
Enfriadoras GAFA VISU PREMIUM LED (*),39.599,26.999
Freezer GAFA ETERNITY XL410 AP Plata,30.699,22.999
Freezer GAFA ETERNITY L290 AB Blanco,24.999,18.999
Heladera No Frost Electrolux TF51 Blanca,55.699,42.999
Heladera Sin Freezer Whirlpool WRA09C2,20.299,15.999
Heladera No Frost Whirlpool WRM45AB Blanca,45.999,36.499
Heladera Sin Freezer Whirlpool WRA09B2,20.299,15.999
Cava Coventry 18 Bts CKWS18,7.999,6.499
Heladera SBS Whirlpool WRO80K2 Inoxidable,86.499,69.999
Heladera No Frost Electrolux TF51X Plata,56.999,46.999
Cervecera Beer Cooler Whirlpool WZD12AV,24.999,20.999
Heladera Sin Freezer PATRICK HPK292B01,21.214,18.499
Heladera No Frost Panasonic NR-BT42BV1XF Plateada,45.999,39.999
Cava Lusqtoff 12 Bts. LQCAV 12,10.422,9.038
Heladera con Freezer Philco PHCT360B/01 Blanca,28.399,24.999
Heladera Sin Freezer VONDOM RFG48B,10.199,8.999
Heladera Sin Freezer Lusqtoff LQFRI65,15.872,13.904
Heladera No Frost Whirlpool WRM54AB Blanca,49.299,43.999
Heladera No Frost Panasonic NR-BT48PV1WF Blanca,53.999,47.999
Heladera No Frost Whirlpool WRM54AK Acero Inoxidable,51.399,45.999
Heladera No Frost Panasonic NR-BB53PV3WF Blanca,55.999,49.999
Heladera No Frost SIAM HSI-NT30XD Acero Inoxidable,39.999,35.999
Heladera No Frost Panasonic NR-BB53PV3XF Plateado,57.999,51.999
Combo Heladera + Cocina + Lavarropas C.S.,32.999,29.699
Heladera con Freezer GAFA HGF367AFB Plata,30.999,27.999
Heladera Sin Freezer VONDOM HEL82BLANCA,16.999,15.699
Heladera con Freezer GAFA HGF367AFB Blanca,29.499,26.999
Freezer PATRICK FHP300B Blanco,24.899,23.199
Freezer PATRICK FHP420B Blanco,29.699,27.699
Heladera con Freezer PATRICK HPK151M00B Blanca,27.999,25.999
Freezer PATRICK FHP220B Blanco,21.999,20.799
Heladera No Frost BOSCH KGN49AW22 Blanca,78.999,78.999
Cava Winefroz 111 Bts. MN100S,78.0,78.0
Cava Winefroz 54 Bts. MN54D,66.0,66.0
Freezers Verticales BOSCH GIN81AE30 Blanco,86.999,86.999
Cava Winefroz 143 Bts. MN143T,112.0,112.0
Heladera Sin Freezer BOSCH KIR81AF30,86.999,86.999
Heladera No Frost BOSCH KGN49AI22 Inoxidable,81.999,81.999
Heladera con Freezer PATRICK HPK141M00S Plata,26.399,26.399
Cava Winefroz 38 Bts. MN32D,50.0,50.0
Heladera SBS BOSCH KAG90AI20 Inoxidable,169.999,169.999
Cava Winefroz 27 Bts. MN34S,43.0,43.0
Lavarropas Automático LONGVIE 6.5 KG L16510 Blanco,21.199,16.999
Lavarropas Automático Drean 8 KG Next 8.12 Eco Blanco,23.499,18.999
Lavarropas Automático Aurora 6 KG 6506 Blanco,18.999,16.499
Lavarropas Automático Whirlpool 9 KG WLCF90S Plata,41.199,27.999
Lavarropas Automático Drean 5 KG CONCEPT 5.05 V1 Blanco,14.499,12.999
Secarropas Drean QV5.5 5.5 Kg,4.599,3.799
Lavarropas Automático Drean 6 KG Next 6.06 Eco Blanco,18.999,14.999
Lavarropas Automático Drean 5 KG CONCEPT FUZZY LOGIC TECH V1 Blanco,14.999,11.999
Lavarropas Automático Candy 6 KG CVST610T Blanco,27.999,21.999
Lavarropas Automático Drean 6 KG Next 6.08 Eco Blanco,19.999,16.999
Secarropas KOHINOOR N-655 5.5 Kg,5.799,5.199
Lavavajilla Drean 15 C Dish 15.2 DTX Inox c/gris,27.999,22.999
Lavarropa Semiautomático 57 RT Patriot,4.999,4.499
Secarropas KOHINOOR C-755/2 5.5 Kg,4.999,4.599
Lavarropas Automático Electrolux 6.5 KG DIGITAL WASH Blanco,18.299,14.499
Lavarropa Semiautomático FAMILY 096 A Drean,8.599,7.599
Lavarropas Automático Candy 8 KG GVS128TC3-12 Blanco,28.999,19.999
Lavarropas Automático Whirlpool 8.5 KG WLCF85B Blanco,36.699,25.999
Lavasecarropas LONGVIE LS18012,32.799,25.999
Lavarropas Automático Drean 8 KG Next 8.14 WCR Eco Blanco,28.999,23.499
Lavarropas Automático Coventry 5 KG CFG 508 Blanco,17.899,14.499
Lavarropas Automático Electrolux 6.5 KG 91307000/5 Plata,20.599,16.999
Lavarropas Automático Drean 7 KG Next 7.09 Eco Blanco,20.999,17.499
Lavarropas Automático Drean 7 KG Next 7.10 Eco Blanco,21.999,18.499
Lavavajilla panelable Ariston 15 C LTF 11S112 AG,34.999,34.999
Lavarropas Automático Whirlpool 10 KG WWI16BB Blanco,33.899,25.999
Lavasecarropas LONGVIE LS18012P,36.699,29.999
Lavarropas Automático Drean 6 KG GOLD BLUE 8.6 ECO+ Blanco,24.999,20.999
Lavarropas Automático Drean 6 KG GOLD BLUE 10.6 ECO+ Blanco,25.999,21.999
Lavarropa Semiautomático FAMILY 066 S Drean,6.999,5.999
Secarropas KOHINOOR B-665/2 6.5 Kg,6.299,5.999
Secadoras por Calor Axel AX 3000,3.499,3.499
Lavarropa Semiautomático LSC-10000 COLUMBIA,4.999,4.999
Lavavajilla Drean 15 C Dish 15.2 DTB Blanco,25.999,19.999
Secarropas KOHINOOR A-655/2 5.5 Kg,6.199,5.499
Lavarropas Automático Whirlpool 7 KG WLCF70B Blanco,33.699,20.999
Lavarropas Automático Whirlpool 6 KG WNQ66A Blanco,21.299,17.499
Lavarropas Automático Coventry 5 KG CFG 505 Blanco,16.999,13.999
Secarropas KOHINOOR B-655/2 5.5 Kg,5.499,4.999
Secarropas por Calor Whirlpool WSF10AB,37.899,35.999
Lavavajilla Candy 15 C KCDPA 7512HW-12 Blanco,27.999,21.999
Lavarropas Automático Panasonic 11 KG NA-F110H6WAG Blanco,32.999,26.999
Lavarropas Automático Electrolux 6.5 KG FUZZYWASH Blanco,20.399,16.999
Lavarropas Automático Whirlpool 7 KG WNQ76A Blanco,22.899,18.999
Lavarropas Automático Candy 8 KG CVST810T Blanco,29.699,24.999
Lavarropas Automático Electrolux 10 KG ELAC210W Blanco,28.199,23.999
Lavasecarropas Panasonic 11 KG NA-S118F2WAR Blanco,44.999,39.999
Lavarropas Automático Samsung 7 KG WA70F5S4UDW Blanco,25.699,22.999
Secarropas Drean QV6.5 6.5 Kg,4.799,4.299
Lavarropa Semiautomático 56 RB Patriot,4.799,4.299
Secarropas por Calor COLUMBIA SCP 6000,4.219,3.999
Secarropas por Calor Candy GVC D913B-12S,28.999,28.999
Lavarropas Automático Whirlpool 9 KG WWI13BB Blanco,31.899,24.999
Lavarropas Automático LONGVIE 6.5 KG L16508 Blanco,19.999,15.999
Lavarropas Automático Electrolux 9 KG ELAC209W Blanco,25.899,20.999
Lavasecarropas Candy GVSW286TC3,37.999,30.999
Lavarropas Automático LONGVIE 8 KG L18012 Blanco,23.299,18.999
Lavarropas Automático Panasonic 11 KG NA-FS11P6SAG Gris,35.999,29.999
Lavavajilla Drean 12 C Dish 12.2 LTB Blanco,23.999,19.999
Lavarropas Automático LG 3.5 KG WD100CV.ASSPGAR Plata,19.999,16.599
Lavavajilla Whirlpool 14 C WLV14SY Inoxidable,35.599,29.999
Lavasecarropas Whirlpool WCF09BY,44.999,39.999
Secarropas por Calor Candy GCV 581NC,22.499,19.999
Lavasecarropas Ariston AQD1170D 69 AG,35.699,31.999
Secarropas por Calor Candy GVC D913B,28.499,25.999
Lavasecarropas Ariston AQD1070D 497X EX,37.099,33.999
Secarropas por Calor Ariston F078482 TCF 97C 6H1 AG,25.199,23.999
Secarropas KOHINOOR N-655/2 5.5 Kg,5.799,5.499
Lavarropas Automático Samsung 7 KG WW70J4463GW Blanco,31.499,29.999
Secadoras por Calor Ariston AQC9 BF7 T1 (AG),27.299,25.999
Secarropas KOHINOOR A-665/2 6.5 Kg,6.799,6.799
Lavavajilla BOSCH 14 C SMS25FW05E Blanco,46.999,46.999
Lavarropas Automático Whirlpool 10 KG WWI16BS Plateado,34.799,24.999
Lavarropas Automático Candy 6 KG CST68D Blanco,26.499,19.999
Lavarropas Automático Whirlpool 10 KG WLCF10B Blanco,44.999,34.999
Secarropas Coventry Blanco AD61OM 6.1 Kg,3.799,2.999
Lavarropas Automático Samsung 6.5 KG WW65M0NHUU Plata,27.999,22.524
Lavarropas Automático LONGVIE 8 KG L18010 Blanco,22.199,17.999
Lavarropas Automático Samsung 7 KG WW70J4463GS Plata,33.999,28.049
Lavarropas Automático Panasonic 11 KG NA-F110H6LAG Gris,33.999,27.999
Lavavajilla Candy 12 C KCDPA 7205HW-12 Blanco,25.499,20.999
Lavavajilla Candy 15 C KCDPA 7512HX-12 Inoxidable,29.999,24.999
Lavavajilla Whirlpool 14 C WLV14BY Blanco,32.399,26.999
Lavasecarropas Samsung WD10J6410AX,59.499,49.999
Lavarropas Automático Samsung 9 KG WW90M4WPUU Silver,34.999,29.999
Lavarropas Automático Samsung 9 KG WW90M4WPEU Blanco,32.999,28.999
Lavasecarropas Midea WD-LC312SAR1,44.999,39.999
Secarropas Coventry Negro IN61OM 6.1 Kg,4.059,3.599
Lavarropas Automático Samsung 8 KG WA80F5S4UDW Blanco,27.799,24.999
Lavarropas Automático PATRICK 9 KG LPA1020WPCI0 Silver,25.999,23.699
Secarropas por Calor Candy GVC D813B,27.299,24.999
Lavarropas Automático Electrolux 9 KG ELAC9S Gris,25.799,24.099
Lavarropas Automático Samsung 8 KG WA80F5S4UDA Plateado,29.399,27.999
Secarropas por Calor PATRICK SCPK07M,20.899,19.999
Lavavajilla BOSCH 14 C SMS25FI05E Inoxidable,56.999,56.999
Lavavajilla LG 14 C D1452LF Inoxidable,44.999,44.999
Lavavajilla BOSCH 14 C SMS25FI05E Inoxidable,56.999,56.999
Lavavajilla LG 14 C D1452LF Inoxidable,44.999,44.999
Lavarropas Automático Beko 8 KG WTV8633XS Blanco,23.899,23.899
Secarropas Coventry Celeste IL61OM 6.1 Kg,3.959,3.959
Secarropas por Calor PATRICK SCPK07B,18.899,18.899
Lavarropas Automático Beko 11 KG WTE11735XCMST Gris,31.899,31.899
Lavavajilla LG 14 C D1455CF Gris,54.999,54.999
Caloventor Liliana 2000 W CFH401,1.299,1.149
Estufa TB Orbis 4140GO+TIRAJE 412 Gris Gas Natural,6.999,6.999
Aire Acond Split Surrey Frío/Calor Inverter Smart 3050 Fg 35,40.599,29.999
Aire Acond Split Surrey Frío/Calor Inverter Smart 4500 Fg 52,49.999,36.999
Aire Acondicionado Split Coventry Frío/Calor 2750 Fg 3224 W,18.999,15.999
Estufa Sin Salida LONGVIE ECA3S Tiza Multigas,7.999,5.699
Estufa Sin Salida LONGVIE ECA3V Tiza Multigas,9.239,6.899
Estufa TB Orbis 4120GO +TIRAJE 412 Gris Gas Natural,5.999,5.999
Estufa TB LONGVIE EBA2S Marfil Multigas,8.399,6.699
Estufa TB LONGVIE EBA3S Marfil Multigas,8.999,7.999
Estufa Sin Salida LONGVIE ECA2S Tiza Multigas,6.999,4.899
Aire Acondicionado Split Philco Frio/Calor 5461 Fg 6350 W,31.899,29.999
Convector Liliana PPV300,3.699,3.699
Aire Acondicionado Split Coventry Frío/Calor 4000 Fg 4689 W,24.299,16.999
Estufa TB LONGVIE EBA5S Marfil Multigas,10.999,9.899
Estufa Sin Salida ORBIS 4040GO Gris Gas Natural,5.499,5.499
Estufa Sin Salida Coventry 5000 GN2014 Marrón Gas Natural,5.279,3.519
Estufa TB Coventry 4000 GN 2014 Marrón Gas Natural,7.679,5.119
Estufa TB Coventry 2500 GN Tiza Gas Natural,6.959,4.639
Ventilador de Techo Severbon VTA 420 P C/LUZ Acero Inoxidable,6.058,4.299
Convector Axel AX-VITROCO N,3.129,3.129
Estufa Sin Salida Coventry 3000 GN2014 Marrón Gas Natural,4.439,2.959
Estufa Sin Salida Coventry S.S 7500 Marrón Gas Natural,5.999,4.159
Estufa Halógena Protalia HN16,2.999,2.199
Convector Axel AX-CO100,2.999,2.799
Convector Axel AX-COT,2.839,2.839
Convector Axel AX-VITROCOT BLANCO C/TURBO,3.549,3.549
Estufa TB LONGVIE EBA5V Marfil Multigas,19.999,12.499
Ventiladores de pared Axel AXPAR20BL,2.489,1.799
Aire Acondicionado Split Inverter York Frio/Calor 3010 Fg 35,34.999,25.999
Estufa Sin Salida LONGVIE ECA5S Tiza Multigas,7.999,6.499
Caloventor Axel 1900 W AX-CA,1.399,1.149
Estufa TB Eskabe S21 TB3 TE G15 Marfil Multigas,14.399,11.999
Estufa Sin Salida Eskabe S21 MX5 TE G15 Marfil Multigas,11.999,9.999
Estufa Sin Salida Eskabe TT MX5 TE G15 Beige Multigas,15.599,12.999
Aire Acondicionado Split York Ultra Frío/Calor 4386 Fg 5100,29.999,24.999
Estufa Sin Salida Eskabe TT MX3 TE G15 Beige Multigas,13.199,10.999
Caloventor Axel 1900 W AXCA100,1.399,1.199
Aire Acondicionado Split Coventry Inverter Frio/Calor 4610 F,33.999,33.999
Estufa TB Coventry 2500 GN 2014 Marrón Gas Natural,6.359,4.239
Aire Acondicionado Split Midea Frío/Calor 2230 Fg 2600 W,23.499,15.999
Aire Acondicionado Split Samsung 3300 W AR12MSFPAWQ/BG Frío/Calor,42.999,32.999
Aire Acondicionado Split Inverter York Frio/Calor 2236 Fg 26,29.999,23.999
Aire Acond Split Coventry Inverter Frío/Calor 3000 Fg 3517 W,24.999,19.999
Acondicionador Portatil Coventry CO-H12AR,18.999,15.999
Aire Acondicionado Split Inverter Frio/Calor Carrier 5500 F,63.699,54.999
Infrarrojo Liliana CI640 2400,3.799,3.499
Convector Axel AXCO,2.499,2.499
Ventilador de Pie Axel AXPIE16,1.879,1.879
Estufas a Garrafa Eskabe GARRAFERA MM5,8.999,8.999
Estufa a Leña Tromen Austral 5500,12.999,7.999
Estufa TB Coventry 4000 GN 2014 Tiza Gas Natural,8.399,5.599
Convector Peabody PE VC10B,4.999,3.799
Convector Peabody PE VC10N,4.999,3.799
VitroConvector Peabody PE-VC20R,5.999,4.899
Estufa TB ORBIS 4167TO 5000 Gris Gas Natural,15.599,12.999
Estufa Sin Salida Eskabe S21 MX5 G15 Marfil Multigas,9.959,8.299
Estufa TB Eskabe S21 TB 5 MF G15 Marfil Gas Natural,13.799,11.499
Estufa TB Eskabe TT TB2 G15 Beige Multigas,14.399,11.999
Estufa TB Eskabe S21 TB3 G15 Marfil Multigas,11.399,9.499
Infrarrojo Liliana CI080 1400,2.899,2.499
Estufa TB LONGVIE EBA2T Marfil Multigas,9.599,8.799
Caloventor Protalia 2000 W FH803,1.299,1.199
Turbo Ventilador Protalia V.20T,2.299,2.199
Aire Acondicionado Split Midea Frío/Calor 2790 Fg 3250 W,24.599,16.999
Aire Acondicionado Split Midea Frío/Calor 5300 Fg 6170 W,43.559,29.999
Ventilador de Techo Severbon VTA 420 B C/LUZ Chapa,4.932,3.499
Ventilador de Techo Severbon VTA 420 M C/ LUZ Metal,4.932,3.499
Ventilador de Techo Severbon VTML 420 DC C/ LUZ MDF y Metal,5.928,4.199
Ventilador de Techo Severbon VTA 420 M Metal,4.438,3.199
Ventilador de Techo Severbon VTA 420 B Chapa,4.438,3.199
Estufa Sin Salida VOLCAN 42512V 2500 Beige Gas Natural,5.279,3.869
Aire Acondicionado Split Samsung 2500 W AR09MSFPAWQ/BG Frío/Calor,39.999,29.999
Estufa Sin Salida LONGVIE ECA2 Tiza Multigas,6.999,5.499
Ventilador de Pie Peabody PE-VP250,3.799,2.999
Ventilador de Mesa Peabody PE-VP150,2.899,2.299
Convector Peabody PE-VC20B,5.999,4.899
Convector Peabody PE-VC20N,5.999,4.899
Estufa TB Eskabe S21 TB2 G15 Marfil Multigas,9.599,7.999
Estufa TB Eskabe TT TB3 G15 Beige Multigas,17.999,14.999
Ventilador de Techo Severbon VTA 420 P Acero Inoxidable,5.518,4.599
Estufa TB Eskabe TT TB5 G15 Beige Multigas,21.599,17.999
Ventilador de Techo Severbon VTML 420 DC MDF y Metal,5.518,4.599
Estufa Sin Salida Eskabe S21MX3 G15 Marfil Multigas,8.399,6.999
Estufa Sin Salida Eskabe S21 MX 8 MF G15 Marfil Gas Natural,12.359,10.299
Caloventor Liliana 2000 W CFH510,2.399,1.999
Estufa Sin Salida Eskabe TT MX8 CV G15 Beige Multigas,19.199,15.999
Aire Inverter Split Carrier Frío/Calor Smart 5500 Fg 6400 W,63.699,54.999
Ventilador de Pie Peabody PE-VP350,4.599,3.999
Estufa TB LONGVIE EBA3T Marfil Multigas,11.999,10.499
Turbo Ventilador Electrolux TU20C,2.799,2.499
Calefactor a Leña Tromen Pehuen 6000,12.999,11.599
Aire Acondicionado Split Electra Inverter 3010 Fg 3500 W ETR,24.999,22.499
Caloventor Liliana 1500 W PTC617,2.599,2.399
Aire Acondicionado Piso Techo Philco Frío/Calor 16980 W PHPT,119.999,109.999
Convector Protalia CH2000B,3.399,3.199
Aire Acondicionado Split BGH Frío/Calor Inverter 5400FG 6350,47.17,44.999
Climatizador TAGWOOD AIRC03 Frío,19.5,19.5
Climatizador TAGWOOD AIRC12 Frío,4.15,4.15
Ventilador de Pie Axel AXPIE20BL,2.699,2.699
Aire Acond. Split Philco Frío/Calor Inverter 2838 Fg 3300 W,24.999,24.999
Estufa Halógena Protalia HN12,1.899,1.899
Climatizador TAGWOOD AIRC01 Frío,9.975,9.975
Aire Acondicionado Piso Techo LG 9300 W UV-H368KLA0 Frío/Ca…,42.999,42.999
Aire Acondicionado Split Coventry Frio/Calor 5246 Fg 6155 W,28.999,28.999
Infrarrojo Liliana CIF150 1400,2.699,2.699
Ventilador de Pie Axel AXPIE20CR,3.499,3.499
Aire Acondicionado Split Midea Inverter Frío/Calor 5140 W MS,46.999,46.999
Aire Acondicionado Split Midea Inverter Frío/Calor 5940 W MS,54.499,54.499
Aire Acondicionado Split Midea Inverter Frío/Calor 3150 W MS,31.999,31.999
Turbo Ventilador Axel AXTUR20CR,3.129,3.129
Calefactor a Leña Tromen Tr 13001,37.999,37.999
Estufa Sin Salida ORBIS 4020GO Gris Gas Natural,4.999,4.999
Turbo Ventilador Axel AXTV16,2.499,2.499
Convector Liliana CNG17,2.799,2.799
Ventilador de Pie Moulinex air pro power,3.549,3.549
Climatizador TAGWOOD AIRC30 Frío,11.6,11.6
Climatizador TAGWOOD AIRC11 Frío,5.5,5.5
